Workbook

Sheet Case_5
A1: VisitID | B1: Day | C1: Customer_Type | D1: Age | E1: Computer_Unit | F1: Usage_Hours | G1: Gaming | H1: Printing_Pages | I1: Food_Order | J1: Internet_Sales | K1: Other_Sales | L1: Total_Sales | M1: Usage Hours Stats
A2: V5021 | B2: 22 | C2: Other | D2: 42 | E2: 1 | F2: 1 | G2: No | H2: 5 | I2: No | J2: 25 | K2: 25 | L2: 50 | M2: Mean | N2: =AVERAGE(F2:F51) -> 4.9
A3: V5036 | B3: 37 | C3: Worker | D3: 18 | E3: 10 | F3: 2 | G3: No | H3: 2 | I3: No | J3: 50 | K3: 10 | L3: 60 | M3: Median | N3: =MEDIAN(F2:F51) -> 5
A4: V5048 | B4: 49 | C4: Worker | D4: 36 | E4: 26 | F4: 2 | G4: Yes | H4: 2 | I4: No | J4: 50 | K4: 10 | L4: 60 | M4: Minimum | N4: =MIN(F2:F51) -> 1
A5: V5047 | B5: 48 | C5: Other | D5: 44 | E5: 28 | F5: 2 | G5: No | H5: 3 | I5: No | J5: 50 | K5: 15 | L5: 65 | M5: Maximum | N5: =MAX(F2:F51) -> 8
A6: V5019 | B6: 20 | C6: Student | D6: 24 | E6: 28 | F6: 3 | G6: No | H6: 0 | I6: No | J6: 75 | K6: 0 | L6: 75
A7: V5030 | B7: 31 | C7: Student | D7: 36 | E7: 16 | F7: 3 | G7: No | H7: 2 | I7: No | J7: 75 | K7: 10 | L7: 85 | M7: Total Sales Stats
A8: V5034 | B8: 35 | C8: Student | D8: 19 | E8: 2 | F8: 2 | G8: Yes | H8: 8 | I8: No | J8: 50 | K8: 40 | L8: 90 | M8: Mean | N8: =AVERAGE(L2:L51) -> 166.9
A9: V5029 | B9: 30 | C9: Student | D9: 17 | E9: 10 | F9: 3 | G9: Yes | H9: 5 | I9: No | J9: 75 | K9: 25 | L9: 100 | M9: Median | N9: =MEDIAN(L2:L51) -> 160
A10: V5031 | B10: 32 | C10: Worker | D10: 33 | E10: 11 | F10: 4 | G10: No | H10: 0 | I10: No | J10: 100 | K10: 0 | L10: 100 | M10: Minimum | N10: =MIN(L2:L51) -> 50
A11: V5003 | B11: 4 | C11: Worker | D11: 28 | E11: 10 | F11: 3 | G11: No | H11: 6 | I11: No | J11: 75 | K11: 30 | L11: 105 | M11: Maximum | N11: =MAX(L2:L51) -> 300
A12: V5005 | B12: 6 | C12: Student | D12: 38 | E12: 4 | F12: 4 | G12: No | H12: 2 | I12: No | J12: 100 | K12: 10 | L12: 110
A13: V5042 | B13: 43 | C13: Student | D13: 23 | E13: 8 | F13: 4 | G13: Yes | H13: 5 | I13: No | J13: 100 | K13: 25 | L13: 125 | M13: Total Visits | N13: =COUNTA(A2:A51) -> 50
A14: V5001 | B14: 2 | C14: Student | D14: 18 | E14: 17 | F14: 2 | G14: No | H14: 6 | I14: Yes | J14: 50 | K14: 80 | L14: 130 | M14: Total Sales | N14: =SUM(L2:L51) -> 8345
A15: V5016 | B15: 17 | C15: Worker | D15: 16 | E15: 16 | F15: 5 | G15: Yes | H15: 1 | I15: No | J15: 125 | K15: 5 | L15: 130 | M15: Avg. Sales Per Visit | N15: =N14/N13 -> 166.9
A16: V5035 | B16: 36 | C16: Student | D16: 28 | E16: 1 | F16: 2 | G16: No | H16: 0 | I16: Yes | J16: 50 | K16: 80 | L16: 130
A17: V5017 | B17: 18 | C17: Student | D17: 17 | E17: 23 | F17: 2 | G17: No | H17: 1 | I17: Yes | J17: 50 | K17: 85 | L17: 135
A18: V5006 | B18: 7 | C18: Student | D18: 28 | E18: 12 | F18: 4 | G18: No | H18: 8 | I18: No | J18: 100 | K18: 40 | L18: 140 | M18: Correlation | N18: =CORREL(Case_5!F:F,Case_5!L:L) -> 0.79109481
A19: V5038 | B19: 39 | C19: Other | D19: 33 | E19: 22 | F19: 4 | G19: Yes | H19: 8 | I19: No | J19: 100 | K19: 40 | L19: 140
A20: V5002 | B20: 3 | C20: Worker | D20: 42 | E20: 4 | F20: 4 | G20: Yes | H20: 10 | I20: No | J20: 100 | K20: 50 | L20: 150
A21: V5015 | B21: 16 | C21: Other | D21: 22 | E21: 5 | F21: 1 | G21: No | H21: 9 | I21: Yes | J21: 25 | K21: 125 | L21: 150
A22: V5043 | B22: 44 | C22: Other | D22: 17 | E22: 1 | F22: 5 | G22: Yes | H22: 5 | I22: No | J22: 125 | K22: 25 | L22: 150
A23: V5033 | B23: 34 | C23: Worker | D23: 25 | E23: 20 | F23: 6 | G23: Yes | H23: 1 | I23: No | J23: 150 | K23: 5 | L23: 155
A24: V5041 | B24: 42 | C24: Other | D24: 23 | E24: 20 | F24: 2 | G24: Yes | H24: 5 | I24: Yes | J24: 50 | K24: 105 | L24: 155
A25: V5004 | B25: 5 | C25: Worker | D25: 22 | E25: 30 | F25: 6 | G25: Yes | H25: 2 | I25: No | J25: 150 | K25: 10 | L25: 160
A26: V5022 | B26: 23 | C26: Student | D26: 36 | E26: 13 | F26: 5 | G26: No | H26: 7 | I26: No | J26: 125 | K26: 35 | L26: 160
A27: V5025 | B27: 26 | C27: Other | D27: 20 | E27: 24 | F27: 5 | G27: Yes | H27: 7 | I27: No | J27: 125 | K27: 35 | L27: 160
A28: V5045 | B28: 46 | C28: Worker | D28: 40 | E28: 7 | F28: 3 | G28: Yes | H28: 1 | I28: Yes | J28: 75 | K28: 85 | L28: 160
A29: V5026 | B29: 27 | C29: Other | D29: 24 | E29: 1 | F29: 6 | G29: Yes | H29: 3 | I29: No | J29: 150 | K29: 15 | L29: 165
A30: V5018 | B30: 19 | C30: Student | D30: 33 | E30: 13 | F30: 7 | G30: No | H30: 0 | I30: No | J30: 175 | K30: 0 | L30: 175
... A51: V5014 | B51: 15 | C51: Student | D51: 28 | E51: 21 | F51: 8 | G51: No | H51: 4 | I51: Yes | J51: 200 | K51: 100 | L51: 300

Sheet Pivot
A1: Customer Type | B1: No. Customer | C1: Total Sales | D1: Average Sales
A2: Student | B2: =COUNTIF(Case_5!C2:C51,A2) -> 20 | C2: =SUMIF(Case_5!C:C,A2,Case_5!L:L) -> 3315 | D2: =C2/B2 -> 165.75
A3: Worker | B3: =COUNTIF(Case_5!C:C, A3) -> 15 | C3: =SUMIF(Case_5!C:C,A3,Case_5!L:L) -> 2375 | D3: =C3/B3 -> 158.33333
A4: Other | B4: =COUNTIF(Case_5!C:C, A4) -> 15 | C4: =SUMIF(Case_5!C:C,A4,Case_5!L:L) -> 2655 | D4: =C4/B4 -> 177
A6: Gaming Usage
A7: Yes | B7: =COUNTIF(Case_5!G:G, A7) -> 22
A8: No | B8: =COUNTIF(Case_5!G:G, A8) -> 28
A9: % Used | B9: =B7/ 50% -> 44
A11: Total Pages Printed | B11: =SUM( Case_5!H2:H51) -> 226
A13: Revenue Breakdown
A14: Internet Sales | B14: =SUM(Case_5!J:J) -> 6125
A15: Other Sales | B15: =SUM(Case_5!K:K) -> 2220
A16: Grand Total | B16: =SUM(Case_5!L:L) -> 8345
A17: % Internet | B17: =B14/ B16 -> 0.73397244
A18: % Other | B18: =B15/B16 -> 0.26602756
A21: Per 7 Days | B21: Total Sales
A22: 1 | B22: =SUM(Case_5!L2+ Case_5!L9+ Case_5!L16+ Case_5!L23+ Case_5!L30+ Case_5!L37+ Case_5!L44+ Case_5!L51) -> 1355
A23: 2 | B23: =SUM(Case_5!L3+ Case_5!L10+ Case_5!L17+ Case_5!L24+ Case_5!L31+ Case_5!L38+ Case_5!L45) -> 1075
A24: 3 | B24: =SUM(Case_5!L4+ Case_5!L11+ Case_5!L18+ Case_5!L25+ Case_5!L32+ Case_5!L39+ Case_5!L46) -> 1100
A25: 4 | B25: =SUM(Case_5!L5+ Case_5!L12+ Case_5!L19+ Case_5!L26+ Case_5!L33+ Case_5!L40+ Case_5!L47) -> 1125
A26: 5 | B26: =SUM(Case_5!L6+ Case_5!L13+ Case_5!L20+ Case_5!L27+ Case_5!L34+ Case_5!L41+ Case_5!L48) -> 1195
A27: 6 | B27: =SUM(Case_5!L7+ Case_5!L14+ Case_5!L21+ Case_5!L28+ Case_5!L35+ Case_5!L42+ Case_5!L49) -> 1225
A28: 7 | B28: =SUM(Case_5!L8+ Case_5!L15+ Case_5!L22+ Case_5!L29+ Case_5!L36+ Case_5!L43+ Case_5!L50) -> 1270
A30: VisitID | B30: Customer Type | C30: Total Sales
A31: V5010 | B31: Other | C31: 300
A32: V5014 | B32: Student | C32: 300
A33: V5023 | B33: Other | C33: 265
A34: V5024 | B34: Other | C34: 265
A35: V5037 | B35: Student | C35: 245

Sheet charts
